3855,Susana,Ritchie,susana.ritchie@email.com
5011,Shanae,Fisher,shanae.fisher@email.com
9875,Aide,Stracke,aide.stracke@email.com
4759,Johnathon,Schamberger,johnathon.schamberger@email.com
59,Nickolas,Halvorson,nickolas.halvorson@email.com
1443,Lyle,Wisoky,lyle.wisoky@email.com
6029,Majorie,Senger,majorie.senger@email.com
5625,Daniel,Spinka,daniel.spinka@email.com
4337,Alfonso,Hermann,alfonso.hermann@email.com
2077,Crystle,Hintz,crystle.hintz@email.com
71,Annetta,Medhurst,annetta.medhurst@email.com
8805,Darren,Schamberger,darren.schamberger@email.com
6546,Eugenio,Legros,eugenio.legros@email.com
8172,Lucie,Lind,lucie.lind@email.com
7204,Frank,Wolf,frank.wolf@email.com
7824,Andra,Hermiston,andra.hermiston@email.com
4578,Orval,Oberbrunner,orval.oberbrunner@email.com
1612,Hayden,Leuschke,hayden.leuschke@email.com
4288,Ruben,Dickens,ruben.dickens@email.com
2465,Sylvester,Parisian,sylvester.parisian@email.com
7923,Fredrick,Jacobson,fredrick.jacobson@email.com
5846,Teddy,Batz,teddy.batz@email.com
8912,Cameron,Gorczany,cameron.gorczany@email.com
7395,Rozella,Von,rozella.von@email.com
9128,Sandy,Reichert,sandy.reichert@email.com
8689,Sterling,Nitzsche,sterling.nitzsche@email.com
6187,Reagan,Senger,reagan.senger@email.com
4165,Bettina,Bosco,bettina.bosco@email.com
6013,Erich,Beatty,erich.beatty@email.com
4557,Marg,Wiegand,marg.wiegand@email.com
33,Babara,Veum,babara.veum@email.com
5720,Delfina,Denesik,delfina.denesik@email.com
1693,Mimi,Frami,mimi.frami@email.com
1850,Buddy,Blanda,buddy.blanda@email.com
4614,Boris,Borer,boris.borer@email.com
2286,Ross,Emmerich,ross.emmerich@email.com
685,Roxann,Adams,roxann.adams@email.com
1415,Lilian,Ritchie,lilian.ritchie@email.com
405,Syble,Rice,syble.rice@email.com
592,Pat,Rowe,pat.rowe@email.com
1523,Raymon,Green,raymon.green@email.com
1396,Tanner,Stroman,tanner.stroman@email.com
3621,Annabell,Gleason,annabell.gleason@email.com
3250,Adrianne,Heller,adrianne.heller@email.com
9688,Randall,Harvey,randall.harvey@email.com
319,Billye,Gutmann,billye.gutmann@email.com
6398,Meryl,Kling,meryl.kling@email.com
6443,Christa,McCullough,christa.mccullough@email.com
9707,Lindsey,Pagac,lindsey.pagac@email.com
4208,Lanie,Stehr,lanie.stehr@email.com
3855,Susana,Ritchie,susana.ritchie@email.com
5011,Shanae,Fisher,shanae.fisher@email.com
9875,Aide,Stracke,aide.stracke@email.com
4759,Johnathon,Schamberger,johnathon.schamberger@email.com
59,Nickolas,Halvorson,nickolas.halvorson@email.com
1443,Lyle,Wisoky,lyle.wisoky@email.com
6029,Majorie,Senger,majorie.senger@email.com
5625,Daniel,Spinka,daniel.spinka@email.com
4337,Alfonso,Hermann,alfonso.hermann@email.com
2077,Crystle,Hintz,crystle.hintz@email.com
71,Annetta,Medhurst,annetta.medhurst@email.com
8805,Darren,Schamberger,darren.schamberger@email.com
6546,Eugenio,Legros,eugenio.legros@email.com
8172,Lucie,Lind,lucie.lind@email.com
7204,Frank,Wolf,frank.wolf@email.com
7824,Andra,Hermiston,andra.hermiston@email.com
4578,Orval,Oberbrunner,orval.oberbrunner@email.com
1612,Hayden,Leuschke,hayden.leuschke@email.com
4288,Ruben,Dickens,ruben.dickens@email.com
2465,Sylvester,Parisian,sylvester.parisian@email.com
7923,Fredrick,Jacobson,fredrick.jacobson@email.com
5846,Teddy,Batz,teddy.batz@email.com
8912,Cameron,Gorczany,cameron.gorczany@email.com
7395,Rozella,Von,rozella.von@email.com
9128,Sandy,Reichert,sandy.reichert@email.com
8689,Sterling,Nitzsche,sterling.nitzsche@email.com
6187,Reagan,Senger,reagan.senger@email.com
4165,Bettina,Bosco,bettina.bosco@email.com
6013,Erich,Beatty,erich.beatty@email.com
4557,Marg,Wiegand,marg.wiegand@email.com
33,Babara,Veum,babara.veum@email.com
5720,Delfina,Denesik,delfina.denesik@email.com
1693,Mimi,Frami,mimi.frami@email.com
1850,Buddy,Blanda,buddy.blanda@email.com
4614,Boris,Borer,boris.borer@email.com
2286,Ross,Emmerich,ross.emmerich@email.com
685,Roxann,Adams,roxann.adams@email.com
1415,Lilian,Ritchie,lilian.ritchie@email.com
405,Syble,Rice,syble.rice@email.com
592,Pat,Rowe,pat.rowe@email.com
1523,Raymon,Green,raymon.green@email.com
1396,Tanner,Stroman,tanner.stroman@email.com
3621,Annabell,Gleason,annabell.gleason@email.com
3250,Adrianne,Heller,adrianne.heller@email.com
9688,Randall,Harvey,randall.harvey@email.com
319,Billye,Gutmann,billye.gutmann@email.com
6398,Meryl,Kling,meryl.kling@email.com
6443,Christa,McCullough,christa.mccullough@email.com
9707,Lindsey,Pagac,lindsey.pagac@email.com
4208,Lanie,Stehr,lanie.stehr@email.com
6750,Lorean,Block,lorean.block@email.com
7861,Farah,Ziemann,farah.ziemann@email.com
8727,Tracee,Schultz,tracee.schultz@email.com
2144,Parker,Lindgren,parker.lindgren@email.com
3478,Monroe,Brakus,monroe.brakus@email.com
2467,Pedro,Fisher,pedro.fisher@email.com
1668,Elyse,Jacobson,elyse.jacobson@email.com
4956,Connie,Dibbert,connie.dibbert@email.com
3416,Douglass,Abbott,douglass.abbott@email.com
4070,Keneth,McDermott,keneth.mcdermott@email.com
